text,sentiment
"I recently visited a beautiful national park.",1
"Save the bees! They are crucial for our ecosystem.",1
"I love hiking in the mountains.",1
"Here are some tips for reducing plastic waste:",1
"Let's talk about climate change and its impacts.",1
"I saw a rare bird species in my backyard today.",1
"Be mindful of your carbon footprint.",1
"Here's a list of sustainable lifestyle changes.",1
"I'm organizing a beach cleanup event this weekend.",1
"Plants provide us with oxygen. We should take care of them.",1
"Check out these eco-friendly products!",1
"I'm passionate about environmental conservation.",1
"Did you know that deforestation is a major issue?",1
"Join me in planting trees to combat climate change.",1
"Join me in cleaning up our neighborhood parks.",1
"I'm passionate about environmental education.",1
"Did you know that renewable energy can help combat climate change?",1
"I'm working on a project to promote sustainable living.",1
"Let's protect endangered species from habitat destruction.",1
"I'm involved in a campaign to reduce single-use plastics.",1
"Here's how to create a wildlife-friendly garden.",1
"Learn about the impact of pesticide use on pollinators.",1
"I'm supporting initiatives to protect our rainforests.",1
"Here's a guide to eco-friendly home renovations.",1
"Let's discuss the importance of clean water sources.",1
"I just finished reading a thrilling mystery novel.",0
"Check out the latest fashion trends for summer.",0
"I'm planning a vacation to a tropical paradise.",0
"Here's a delicious recipe for chocolate chip cookies.",0
"I enjoy playing video games in my free time.",0
"Let's discuss the benefits of regular exercise.",0
"I'm excited about the new movie coming out this weekend.",0
"Here's a tutorial on how to create stunning digital artwork.",0
"I'm learning a new programming language.",0
"I'm working on a DIY home improvement project.",0
"Check out these tips for organizing your closet.",0
"I'm experimenting with new recipes in the kitchen.",0
"Here's a guide to starting your own podcast.",0
"I enjoy watching documentaries about history.",0
"Let's discuss the benefits of meditation.",0
"I'm reading a self-help book for personal growth.",0
"Let's explore the world of photography.",0
"I'm binge-watching my favorite TV series.",0
"Here's a list of upcoming music festivals.",0
"I'm trying out a new skincare routine.",0
"Check out this funny cat video!",0
"I'm learning how to play a musical instrument.",0
"Let's discuss the latest technology trends.",0
"I enjoy painting and expressing my creativity.",0
"Here's a guide to home organization tips.",0
"I'm planning a road trip with friends.",0
"Check out these DIY craft ideas.",0
"I'm practicing mindfulness and meditation.",0
"Let's talk about the benefits of journaling.",0
"I'm exploring different cuisines through cooking.",0
"Here's a review of a popular book.",0
"I'm attending a virtual art exhibition.",0
"Let's discuss the benefits of outdoor activities.",0
"I'm learning about personal finance and investing.",0
"Check out these tips for improving productivity.",0
"I'm watching a documentary about space exploration.",0
"Support renewable energy projects in your community.",1
"I'm passionate about wildlife conservation.",1
"Here's a guide to eco-tourism destinations.",1
"Let's raise awareness about the importance of recycling.",1
"I'm advocating for sustainable transportation options.",1
"Learn about the impacts of ocean acidification.",1
"I'm participating in a beach restoration project.",1
"Here's how to create a sustainable garden.",1
"Let's discuss the effects of plastic microbeads on marine life.",1
"I'm supporting initiatives to protect coral reefs.",1
"Let's explore the world of photography.",0
"I'm binge-watching my favorite TV series.",0
"Here's a list of upcoming music festivals.",0
"I'm trying out a new skincare routine.",0
"Check out this funny cat video!",0
"I'm learning how to play a musical instrument.",0
"Let's discuss the latest technology trends.",0
"I enjoy painting and expressing my creativity.",0
"Here's a guide to home organization tips.",0
"I'm planning a road trip with friends.",0

